,title,singer,lyrics,img,like
0,후라이의 꿈,AKMU (악뮤),"저 거위도 벽을 넘어 하늘을 날을 거라고
달팽이도 넓고 거친 바다 끝에 꿈을 둔다고
나도 꾸물꾸물 말고 꿈을 찾으래
어서 남의 꿈을 빌려 꾸기라도 해

내게 강요하지 말아요 이건 내 길이 아닌걸
내밀지 말아요 너의 구겨진 꿈을

난 차라리 흘러갈래
모두 높은 곳을 우러러볼 때
난 내 물결을 따라
Flow flow along flow along my way

난 차라리 꽉 눌러붙을래
날 재촉한다면
따뜻한 밥 위에 누워 자는
계란 fry fry 같이 나른하게

고래도 사랑을 찾아 파도를 가를 거라고
하다못해 네모도 꿈을 꾸는데
아무도 꿈이 없는 자에겐 기회를 주지 않아
하긴 무슨 기회가 어울릴지도 모를 거야

무시 말아 줘요 하고 싶은 게 없는걸
왜 그렇게 봐 난 죄지은 게 아닌데

난 차라리 흘러갈래
모두 높은 곳을 우러러볼 때
난 내 물결을 따라
Flow flow along flow along my way

난 차라리 꽉 눌러붙을래
날 재촉한다면
따뜻한 밥 위에 누워 자는
계란 fry fry 같이

Spread out
틀에 갇힌 듯한 똑같은 꿈
Spread out out
난 이 두꺼운 껍질을 깨고 나와 퍼지고 싶어

난 차라리 굴러갈래
끝은 안 보여 뒤에선 등 떠미는데
난 내 물결을 따라
Flow flow along flow along my way

난 차라리 꽉 눌러붙을래
날 재촉한다면
고민 하나 없이 퍼져 있는
계란 fry fry 같이 나른하게",https://cdnimg.melon.co.kr/cm2/album/images/113/09/190/11309190_20230818161008_500.jpg?93148adc9d3b5622f4c4dca1e429650e/melon/resize/282/quality/80/optimize,"103,110"
1,숲,최유리,"난 저기 숲이 돼볼게
너는 자그맣기만 한 언덕 위를
오르며 날 바라볼래
나의 작은 마음 한구석이어도 돼
길을 터 보일게 나를 베어도 돼
날 지나치지 마 날 보아줘
나는 널 들을게 이젠 말해도 돼
날 보며
아 숲이 아닌 바다이던가
옆엔 높은 나무가 있길래
하나라도 분명히 하고파 난 이제
물에 가라앉으려나
난 저기 숲이 돼볼래
나의 옷이 다 눈물에 젖는대도
아 바다라고 했던가
그럼 내 눈물 모두 버릴 수 있나
길을 터 보일게 나를 베어도 돼
날 밀어내지 마 날 네게 둬
나는 내가 보여 난 항상 나를 봐
내가 늘 이래
아 숲이 아닌 바다이던가
옆엔 높은 나무가 있길래
하나라도 분명히 하고파 난 이제
물에 가라앉으려나
나의 눈물 모아 바다로만
흘려보내 나를 다 감추면
기억할게 내가 뭍에 나와있어
그때 난 숲이려나",https://cdnimg.melon.co.kr/cm2/album/images/110/36/283/11036283_20220823181214_500.jpg?f48b6b6e3177a27e9b05ba2ad56d7799/melon/resize/282/quality/80/optimize,"74,714"
2,Too Sad to Dance,정국,"Last week I found a message in a bottle
It said go home ain’t nobody love you no more
I can’t disagree
So last night I went to the club
Had a couple too many threw up
Now everybody’s laughing at me
‘Cause I’m way too sad
Way too sad to dance
I’m way too sad to dance
‘Cause I got too caught up my friends agree
A broken heart and nobody
And that’s why I’m too sad to dance
And now I just wait by the telephone
You ain’t coming back and I should’ve known
And that’s why I’m too sad to dance
And that’s why I’m too sad to dance
This morning I knocked your door
Just to admit my floors
But you said you’ve heard it all before
And this Christmas I got no gifts
Do I really deserve all this
So I head straight down to the liquor store
‘Cause I’m way too sad
Way too sad to dance
I’m way too sad to dance
‘Cause I got too caught up my friends agree
A broken heart and nobody
And that’s why I’m too sad to dance
And now I just wait by the telephone
You ain’t coming back and I should’ve known
And that’s why I’m too sad to dance
And that’s why I’m too sad to dance
And that’s why I’m too sad to dance
So I called up my pops last night
He said by the morning light
You won’t need no romance
He told me, walk that walk alone
And talk that talk you know
‘Cause you don’t need no one to dance",https://cdnimg.melon.co.kr/cm2/album/images/113/58/100/11358100_20231102174659_500.jpg?fc69bf8e90761548f40baa25ae341a86/melon/resize/282/quality/80/optimize,"24,077"
3,연애편지,임영웅,"노을에 물든 저녁 하늘이
오랜만에 참 좋은 저녁입니다
문득 떠오른 그대 생각에
나지막이 이름을 불러봅니다
나도 몰래 꺼내 본 낡은 수첩엔
그대가 너무도 많아
차마 그립단 말 대신
꽃잎을 넣어 보내며
하얀 종이에 하지 못한 말
아직 그댄 내 고운 사랑입니다
외로이 스쳐 창을 흔드는
바람 소리 쓸쓸한 시간입니다
어둠 만들고 초를 태우며
나지막이 그대를 불러봅니다
나도 몰래 꺼내 본 낡은 사진엔
그대가 너무도 많아
차마 그립단 말 대신
바라본 밤하늘에는
아스라이 먼 작은 별 하나
외로이 홀로 남아 깜박입니다
그대를 닮은 작은 별 하나
외로이 홀로 남아 깜박입니다
그대 고운 이름은 사랑입니다",https://cdnimg.melon.co.kr/cm2/album/images/109/23/444/10923444_20220502140600_500.jpg?5bd42dcc031a23cd1cae99ae37a606aa/melon/resize/282/quality/80/optimize,"50,692"
4,Somebody,디오 (D.O.),"언젠가부터
겁이 많아진 것 같아
자꾸만 내가 아닌
내가 되는 기분
내게 사랑이란
영화 같지 않아 Always
어쩌면 매번
맞지 않는 눈높이를
계속 맞추려고
혼자 애쓴 거지
그게 맘을 쉽게
지치게 했던 것 같긴 해
I want somebody
걸음이 더디긴 해도
I want somebody
뜨겁게 타진 않더라도
모든 내 방식들이
다 답인 듯이
또 가만히 내 손을 잡아주는
내 맘속에 누군가
다가와 주길 바래
I love you I love you
I love you I love you
누군가 나를
들여다보려고 하면
더 이상 감출 생각 없어
나도 이젠
나란히 내 옆으로
와서 서준다면
함께 걸을게
I want somebody
걸음이 더디긴 해도
I want somebody
뜨겁게 타진 않더라도
모든 내 방식들이
다 답인 듯이
또 가만히 내 손을 잡아주는
내 맘속에 누군가
다가와 주길 바래
I love you I love you
I love you I love you
I want somebody
somebody who loves me
내 마음속 깊은 곳까지
내 사랑의 방식들까지
내 그대롤
I want somebody
somebody who loves me
내 마음속 그림자까지
내 사랑의 표현들까지
다 알아줄
I want somebody
수많은 저 사람들 중
I want somebody
우연히 내게 다가와 줄
모든 내 방식들이
다 답인 듯이
또 가만히 내 손을 잡아주는
그 순간이 내게도
찾아와 주길 바래
I love you I love you
I love you I love you",https://cdnimg.melon.co.kr/cm2/album/images/113/23/044/11323044_20230918120653_500.jpg?96485815b31c83574ba34db820882316/melon/resize/282/quality/80/optimize,"32,960"
5,그라데이션,10CM,"밤은 다시 길고 깊어졌네
나는 점점 너로 잠 못 들게 돼
글로 적어내긴 어려운 이 기분을
너도 느꼈으면 좋겠는데
너는 아무 생각 없이 몇 번
나를 지나가며 웃은 거라지만
나의 하얀 옷에 너의 잉크가 묻어
닦아낼 수 없을 만큼 번졌네
달콤한 색감이 물들어 조금씩
정신을 차렸을 땐 알아볼 수도 없지
가득 찬 마음이 여물다 못해
터지고 있어
내일은 말을 걸어봐야지
요즘 노랜 뭔가 맘에 안 들어
네게 불러 주기엔 좀 어려워서
나름 며칠 밤을 새워 연습했지만
네게 들려주기엔 무리인 것 같아
너는 번질수록 진해져 가고
나의 밤은 좀 더 길고 외롭지만
하루종일 떠오르는 너의 얼굴은
방을 가득 채워 무지개같이
달콤한 색감이 물들어 조금씩
정신을 차렸을 땐 알아볼 수도 없지
가득 찬 마음이 여물다 못해
터지고 있어
내일은 말을 걸어봐야지
바람을 맞고 빗물에 젖어
나의 색감도 흐려지겠지만
너는 항상 빛에 반짝일 테니까
멋진 말들을 전하지 못하고
아무도 관심 없는 그림이 되겠지만
달콤한 색감은 감추지 못해
터지고 있어
내일은 말을 걸어봐야지
그냥 이 노래가 어떨까 싶어",https://cdnimg.melon.co.kr/cm2/album/images/109/95/477/10995477_20220701165440_500.jpg?efdbc59fa40108e58ae72d3747be01ba/melon/resize/282/quality/80/optimize,"160,186"
6,첫사랑,백아,"알아 내 맘에 조용히
문을 두드리면
눈에 뿌옇게 고여버린
널 흘려보내야 해
기억은 저 빠른
시곗바늘을 놓쳐
처음 널 알아본
마지막에 웃어보일거야
사선을 트는 저 빛은
날 향해 불을 피우고
재가 되지 않으려
난 돌아서지만
빈 갈피에 차오른
우리라는 색은
완벽할 필요 없이
아름다운 영화였어
우리가 머문 밤 사이
피어버린 심장소리에
밤 하늘의 별을 이어
널 그리는 걸
이 시간의 난
너와의 시간을 물 들이고
첫사랑이라는
이름으로 지어지나봐
저 별도 달도 사랑한
우리의 파란 하늘은
손 닿을 필요 없이 부서진
은하수인것 같아
우리가 머문 밤 사이
피어버린 심장소리에
밤 하늘의 별을 이어
널 그리는 걸
이 시간의 난
너와의 시간을 물 들이고
첫 사랑이라는
이름으로 지어지나봐
이 시간의 난
첫 사랑이라는
이름으로 지워지나봐",https://cdnimg.melon.co.kr/cm/album/images/102/10/149/10210149_500.jpg?070403fcabbb604154547191e4453568/melon/resize/282/quality/80/optimize,"175,731"
7,오랜 날 오랜 밤,AKMU (악뮤),"별 하나 있고
너 하나 있는
그곳이 내 오랜 밤이었어
사랑해란 말이 머뭇거리어도
거짓은 없었어
넌 화나 있고
참 조용했던
그곳이 내 오랜 밤이었어
어둠 속에서도 잠 이루지 못해
흐느껴오는 너의 목소리
그대 곁이면
그저 곁에서만 있어도
행복했단 걸
그 사실까지 나쁘게
추억 말아요
오랜 날
오랜 밤 동안
정말 사랑했어요
어쩔 수 없었다는 건
말도 안 될 거라 생각하겠지만
밉게 날
기억하지는 말아줄래요
아직도 잘 모르겠어
당신의 흔적이
지울 수 없이 소중해
잘 자요 안녕
그 말 끝으로
흐른 시간은 오랜 날 같았어
우린 서로에게
깊어져 있었고
난 그게 두려워
넌 가만있고
나도 그러했던
순간은 우리 오랜 날
함께한 시간을
아무런 의미도 없듯이
추억만 하게 하겠죠
그대 곁이면
그저 곁에서만 있어도
보고 싶고 또 행복했어
그건 진심이었소
오랜 날
오랜 밤 동안
정말 사랑했어요
어쩔 수 없었다는 건
말도 안 될 거라 생각하겠지만
밉게 날
기억하지는 말아줄래요
아직도 잘 모르겠어
당신의 흔적이
지울 수 없이 소중해
하늘이 참 뿌옇고
맘을 다잡아야 하죠
이젠 마지막 목소리
마지막 안녕
밉게 날
기억하지는 말아줄래요
아직도 잘 모르겠어
당신의 흔적이
지울 수 없이
소중해",https://cdnimg.melon.co.kr/cm/album/images/100/27/786/10027786_500.jpg?922b7b248cc34ce59184278b317d5f0d/melon/resize/282/quality/80/optimize,"237,706"
8,나의 사춘기에게,볼빨간사춘기,"나는 한때 내가 이 세상에
사라지길 바랬어
온 세상이 너무나 캄캄해
매일 밤을 울던 날
차라리 내가 사라지면
마음이 편할까
모두가 날 바라보는 시선이
너무나 두려워
아름답게 아름답던
그 시절을 난 아파서
사랑 받을 수 없었던
내가 너무나 싫어서
엄마는 아빠는 다
나만 바라보는데
내 마음은 그런 게 아닌데
자꾸만 멀어만 가
어떡해 어떡해 어떡해 어떡해
시간이 약이라는 말이
내게 정말 맞더라고
하루가 지나면 지날수록
더 나아지더라고
근데 가끔은 너무 행복하면
또 아파올까 봐
내가 가진 이 행복들을
누군가가 가져갈까 봐
아름다운 아름답던
그 기억이 난 아파서
아픈 만큼 아파해도
사라지지를 않아서
친구들은 사람들은 다
나만 바라보는데
내 모습은 그런 게 아닌데
자꾸만 멀어만 가
그래도 난 어쩌면
내가 이 세상에
밝은 빛이라도 될까 봐
어쩌면 그 모든 아픔을
내딛고서라도
짧게 빛을 내볼까 봐
포기할 수가 없어
하루도 맘 편히 잠들 수가 없던 내가
이렇게라도 일어서 보려고 하면
내가 날 찾아줄까 봐
아아아아아아아 아아아아아아아
아아아아아아아 아아아아아아아
얼마나 얼마나 아팠을까
얼마나 얼마나 아팠을까
얼마나 얼마나 얼마나 바랬을까",https://cdnimg.melon.co.kr/cm/album/images/101/00/191/10100191_500.jpg?0e733ba07eeb0fd8a39f04a8eb6291fd/melon/resize/282/quality/80/optimize,"318,642"
9,오래된 노래,스탠딩 에그,"오래 전에 함께 듣던 노래가
발걸음을 다시 멈춰서게 해
이 거리에서
너를 느낄 수 있어
널 이 곳에서
꼭 다시 만날 것 같아
너 일까봐 한번더 바라보고
너 일까봐 자꾸 돌아보게 돼
어디선가 같은 노래를 듣고
날 생각하며
너 역시 멈춰있을까
오래 전에 함께 듣던 노래가
거리에서 내게
우연히 들려온 것처럼
살아가다 한번쯤
우연히 만날 것 같아
사랑했던 그 모습 그대로
내 사랑이
그대로인 것처럼
발걸음이 여길
찾는 것처럼
꼭 만날꺼야
지금 이 노래처럼
날 사랑하는 네 맘도
같을테니까
오래 전에 함께 듣던 노래가
거리에서 내게
우연히 들려온 것처럼
살아가다 한번쯤
우연히 만날 것 같아
사랑했던 그 모습 그대로
운명처럼 아니면 우연처럼
우리가 다시 예전처럼
만날 수 있다면
너에게 나 해주고 싶은
말이 하나 있어
널 다시는 놓치지 않을게
오래 전에 함께 듣던 노래가
거리에서 내게
우연히 들려온 것처럼
살아가다 한번쯤
우연히 만날 것 같아
사랑했던 그 모습 그대로",https://cdnimg.melon.co.kr/cm/album/images/021/48/596/2148596_500.jpg/melon/resize/282/quality/80/optimize,"262,609"
10,스토커,10CM,"나도 알아 나의 문제가 무엇인지
난 못났고 별 볼 일 없지
그 애가 나를 부끄러워 한다는 게
슬프지만 내가 뭐라고
빛나는 누군갈 좋아하는 일에
기준이 있는 거라면
이해할 수 없지만 할 말 없는걸
난 안경 쓴 샌님이니까
내가 이렇게 사랑하는데
이렇게 원하는데
나는 아무것도 할 수 없고
바라만 보는데도
내가 그렇게 불편할까요
내가 나쁜 걸까요
아마도 내일도 그 애는 뒷모습만
이제 알아 나의 할 일이 무엇인지
다 포기하고 참아야 하지
저 잘 나가는 너의 남자친구처럼
되고 싶지만 불가능하지
빛나는 누군갈 좋아하는 일에
기준이 있는 거라면
이해할 수 없지만 할 말 없는걸
난 안경 쓴 샌님이니까
내가 이렇게 사랑하는데
이렇게 원하는데
나는 아무것도 할 수 없고
바라만 보는데도
내가 그렇게 불편할까요
내가 나쁜 걸까요
아마도 내일도 그 애는
나는 왜 이런 사람 이런 모습이고
이런 사랑을 하고
나는 아무것도 될 수 없고
바라만 보는데도
내가 그렇게 불편하니까
내가 나쁜 거니까
아마도 내일도 그 애는
나도 알아 나의 문제가 무엇인지",https://cdnimg.melon.co.kr/cm/album/images/022/90/452/2290452_500.jpg/melon/resize/282/quality/80/optimize,"277,201"
11,가을 아침,아이유,"이른 아침 작은 새들 노랫소리 들려오면
언제나 그랬듯 아쉽게 잠을 깬다
창문 하나 햇살 가득 눈부시게 비쳐오고
서늘한 냉기에 재채기할까 말까 음
눈 비비며 빼꼼히 창밖을 내다보니
삼삼오오 아이들은 재잘대며 학교 가고
산책 갔다 오시는 아버지의 양손에는
효과를 알 수 없는 약수가 하나 가득 음
딸각딸각 아침 짓는 어머니의 분주함과
엉금엉금 냉수 찾는 그 아들의 게으름이
상큼하고 깨끗한 아침의 향기와
구수하게 밥 뜸드는 냄새가 어우러진
가을 아침 내겐 정말 커다란 기쁨이야
가을 아침 내겐 정말 커다란 행복이야
응석만 부렸던 내겐
파란 하늘 바라보며 커다란 숨을 쉬니
드높은 하늘처럼 내 마음 편해지네
텅 빈 하늘 언제 왔나 고추잠자리 하나가
잠 덜 깬 듯 엉성히 돌기만 비잉비잉 음
토닥토닥 빨래하는 어머니의 분주함과
동기동기 기타 치는 그 아들의 한가함이
심심하면 쳐대는 괘종시계 종소리와
시끄러운 조카들의 울음소리 어우러진
가을 아침 내겐 정말 커다란 기쁨이야
가을 아침 내겐 정말 커다란 행복이야
응석만 부렸던 내겐
가을 아침 내겐 정말 커다란 기쁨이야
가을 아침 내겐 정말 커다란 행복이야
뜬구름 쫓았던 내겐
이른 아침 작은 새들 노랫소리 들려오면
언제나 그랬듯 아쉽게 잠을 깬다
창문 하나 햇살 가득 눈부시게 비쳐오고
서늘한 냉기에 재채기할까 말까 음",https://cdnimg.melon.co.kr/cm/album/images/100/96/855/10096855_500.jpg?143adaa26f0aeb5c274cb302ddac684f/melon/resize/282/quality/80/optimize,"302,427"
12,Love story,볼빨간사춘기,"Thought that I was princess
날 좋아하던 그때
수줍게 꽃을 건네던 너에게
웃으며 손을 내밀었지
시간 지나 my birthday
우린 몰래 run away
온통 둘뿐인 밤거릴 걷다가
너와 눈이 마주친 그날
Oh babe 너의 눈동자에 cheers
달빛에 비춰진 우리의 흩어진 잔상
너의 이야기에 취해
밤하늘의 별이 쏟아질 것만 같은 기분
Oh god please this is not a dream
Thought that it was romance
날 바래다준 그때
수줍게 인사를 건네던 너에게
살며시 입을 맞추었지
시간 지나 go on trip
한 손엔 진한 커피
우리가 새긴 별자릴 찾다가
너와 눈이 마주친 그날
Oh babe 너의 눈동자에 cheers
달빛에 비춰진 우리의 흩어진 잔상
너의 이야기에 취해
밤하늘의 별이 쏟아질 것만 같은 기분
Oh oh oh 꿈인가 봐
그래 니가 내 옆에 있는 꿈
Oh oh no
아니잖아 이건 yeah
I got you boy
Oh babe 너의 눈동자에 cheers
붉게 물들어진 우리의 오래된 잔상
너의 이야기에 취해
온 세상의 별이 쏟아질 것만 같은 기분
Oh god please this is not a dream",https://cdnimg.melon.co.kr/cm2/album/images/109/26/502/10926502_20220420071020_500.jpg?8c6377ae72a311f6c1d593c757d1361b/melon/resize/282/quality/80/optimize,"120,044"
13,우주를 줄게,볼빨간사춘기,"커피를 너무 많이 마셨나 봐요
심장이 막 두근대고
잠은 잘 수가 없어요
한참 뒤에 별빛이 내리면
난 다시 잠들 순 없겠죠
지나간 새벽을 다 새면
다시 네 곁에 잠들겠죠
너의 품에 잠든 난 마치
천사가 된 것만 같아요
난 그대 품에
별빛을 쏟아 내리고
은하수를 만들어
어디든 날아가게 할거야
Cause I’m a pilot anywhere
Cause I’m a pilot anywhere
lighting star shooting star
줄게 내 Galaxy
Cause I’m a pilot anywhere
Cause I’m your pilot 네 곁에
저 별을 따 네게만
줄게 my Galaxy
Like a star 내리는 비처럼
반짝이는 널 가지고 싶어
Get ma mind
엄지와 검지만 해도
내 마음을 너무 잘 표현해
붙어 안달 나니까
마냥 떨리기만 한 게 아냐
준비가 되면 쏘아 올린
인공위성처럼
네 주윌 마구 맴돌려 해
더 가까워진다면
네가 가져줄래
이 떨림을
어제는 내가 기분이 참 좋아서
지나간 행성에다가
그대 이름 새겨 놓았죠
한참 뒤에 별빛이 내리면
그 별이 가장 밝게 빛나요
지나간 새벽을 다 새면
다시 네 곁에 잠들겠죠
별빛 아래 잠든 난 마치
온 우주를 가진 것만 같아
난 그대 품에
별빛을 쏟아 내리고
은하수를 만들어
어디든 날아가게 할거야
Cause I’m a pilot anywhere
Cause I’m a pilot anywhere
Lighting star Shooting star
줄게 내 Galaxy
Cause I’m a pilot anywhere
Cause I’m your pilot 네 곁에
저 별을 따 네게만
줄게 my Galaxy
Cause I’m a pilot anywhere
Cause I’m a pilot anywhere
Lighting star Shooting star
줄게 내 Galaxy
Cause I’m a pilot I’m your pilot
Lighting star Shooting star
줄게 my Galaxy
la la la la la la
la la la la la la",https://cdnimg.melon.co.kr/cm/album/images/027/07/131/2707131_500.jpg?d12844bf96d3e276ece24c1a2a50fd68/melon/resize/282/quality/80/optimize,"295,410"
14,FRIEND THE END,볼빨간사춘기,"요즘엔 썸이라는 단어를 난 쓰지 않아
친구란 완벽한 단어로 숨길 수가 있지
사랑이 좀처럼 내키지 않아 난 이대로
아슬아슬하게 선을 넘어
벚꽃이 피면 또 같은 곳에 서 있겠지
분홍빛으로 물든 계절을 함께하며
꽃잎이 하나 둘 셋
시간이 하나 둘 셋
Cherry Blossom 내 손을 잡아 넌
아무렇지 않지 않게 웃어버리면
사랑일까 널 바라보며 난
고개를 들어 입 맞춰버린 거야 이제 난
FRIEN(D) THE END
FRIEN(D) THE END
FRIEN(D) THE END
THE END
벚꽃이 피면 또 같은 곳에 서 있겠지
분홍빛으로 물든 계절을 함께하며
꽃잎이 하나 둘 셋
시간이 하나 둘 셋
Cherry Blossom 내 손을 잡아 넌
아무렇지 않지 않게 웃어버리면
사랑일까 널 바라보며 난
고개를 들어 입 맞춰버린 거야 이제
숨길 수 없는가 봐
널 좋아하는 게
네 곁에 있을 때 자꾸 맘이 아픈 게
꽃잎이 떨어지네
우리 머리 위로
웃음이 터져버린 거야 This is love
Cherry Blossom 내 손을 잡아 넌
아무렇지 않지 않게 웃어버리면
사랑일까 널 바라보며 난
고개를 들어 입 맞춰버린 거야 이제 난
Friend the end 하얀 Blossom
Friend the end Cherry Blossom
FRIEN(D) THE END
FRIEN(D) THE END
FRIEN(D) THE END
THE END",https://cdnimg.melon.co.kr/cm2/album/images/112/24/405/11224405_20230414143309_500.jpg?ea0739c649affa777fe6d3df5d08ef6c/melon/resize/282/quality/80/optimize,"44,988"
15,Give Love,AKMU (악뮤),"니가 날 싫어해 하는 걸 알아
나는 서운해 그런 날
왜 너는 못 이해해
You don't understand
난 너를 좋아한다고
내가 뭘 잘못했는데
내게 왜 그러는데
그럴수록 난 되게 섭섭해
Oh I'm so sad
그러니까 슬슬
Let me come into your 마음
중요한 건 마음
결코 네 얼굴만 보고
좋아하는 거 아니 아니야
날 미워하는 너의
날이 선 말투까지도
사랑하게 된 거 이게 내 맘이야
너에 대한 건 사소한 것도
기억해 난 마니아
아무리 나삐 굴어도
넌 내게 이 순간 만화야
순정만화야 주인공은 맨날
맨날 이렇게 밤마다 기도해
Give Love 사랑을 좀 주세요
Give Love 사랑이 모자라요
매일매일 자라는 사랑을
그녀에게 주는데도 받질 않으니
Give Love 사랑을 좀 주세요
Give Love 사랑이 모자라요
매일매일 자라는 사랑을
그녀에게 주는데도 받질 않으니
Give Love
Give Love
Give Love
잘못한 것도 없는데 왜
무작정 싫어하고 보는 너
Why can't you understand me
난 너를 좋아한다고
네가 날 싫어해 하는 걸 안 후
부터 샘솟던 의욕이 다 시들고
설레던 내 맘도 끝이겠구나
했는데 또다시 슬금슬금
다가가도 될까
바라보는 것조차 싫어할까 봐
난 몰래 뒤에서 긍긍전전해
점점 해가 지면 달빛 정전에
용기가 나 내 맘을 전부 전해
하지만 그녀와 내 사이
거리 너무 멀어
주고 또 주는 사랑이 길바닥에
다 버려져 낙엽처럼 쌓이네
봄이 되면 흙으로 남아
혹시 기대해 싹이 될까
Give Love 사랑을 좀 주세요
Give Love 사랑이 모자라요
매일매일 자라는 사랑을
그녀에게 주는데도 받질 않으니
Give Love 사랑을 좀 주세요
Give Love 사랑이 모자라요
매일매일 자라는 사랑을
그녀에게 주는데도 받질 않으니
Give Love
Give Love
Give Love
Give Love
Give Love
Give Love",https://cdnimg.melon.co.kr/cm/album/images/022/49/127/2249127_500.jpg/melon/resize/282/quality/80/optimize,"141,624"
16,폰서트,10CM,"이건 세상에서
제일 비싼 단독 공연
가수는 나고 관객은 너 하나
화려한 막이
이제 곧 올라가기 전에
그저 몇 가지만 주의해줘요
세상에서 제일 편한
옷을 갈아 입고
제일 좋아하는 자리에 누워
배터리가 바닥나지 않게
조심하고
통화상태를 항상 유지해줘요
듣고 싶은 노래를
말 만해 everything
입이 심심할 때는
coffee popcorn anything
너무 부담주진 말고
편하게 들어줘
아님 내가 너무 떨리니까
오직 너에게만 감동적인 노래
오직 너를 웃게 하기 위한 코너
네가 너무 설레
잠 못 들게 만들 거야
지금이야 크게 소리 질러줘
누구보다 특별한
너의 취향을 알아
달콤한데 슬픈 듯 아찔하게
맞지
근데 다음 곡이 중요해
볼륨 높여봐
기억 나니 우리 그 날 그 노래
내가 너무 진지해 보여도 웃지마
누가 봐도 완벽한
노래는 아니지만
많이 연습한 부분을
너 때문에 틀리잖아
아직 나는 너무 떨리니까
오직 너에게만 감동적인 노래
오직 너를 웃게 하기 위한 코너
네가 너무 설레
잠 못 들게 만들 거야
지금이야 크게 소리 질러
이 공연은 거의 다 끝나 가고 있어
어땠는지 말해줘 문자로
너무나 아쉽지만 졸린 거
이미 알고 있어
기대해줘 마지막 곡
이 중에서도 제일
감동적인 노래
오직 너를 웃게 하기 위한 코너
네가 너무 설레
잠 못 들게 만들 거야
지금이야 제일 원하는 걸 말해
어떤 노래를
다시 듣고 싶어 사실 내가 원해
네가 너무 설레
잠 못 들지 모르지만
앵콜이야 크게 소리 질러줘
이건 세상에서
제일 비싼 단독공연
가수는 나고 관객은 너 하나",https://cdnimg.melon.co.kr/cm/album/images/100/93/077/10093077_500.jpg?fcb28b71418e5c405c72ccfcaacc6fe8/melon/resize/282/quality/80/optimize,"225,782"
17,IF YOU,BIGBANG (빅뱅),"그녀가 떠나가요
나는 아무것도 할 수 없어요
사랑이 떠나가요
나는 바보처럼 멍하니 서 있네요
멀어지는 그 뒷모습만을 바라보다
작은 점이 되어 사라진다
시간이 지나면 또 무뎌질까
옛 생각이 나
니 생각이 나
IF YOU
IF YOU
아직 너무 늦지 않았다면
우리 다시 돌아갈 수는 없을까
IF YOU
IF YOU
너도 나와 같이 힘들다면
우리 조금 쉽게 갈 수는 없을까
있을 때 잘할 걸 그랬어
그대는 어떤가요
정말 아무렇지 않은 건가요
이별이 지나봐요
그댈 잊어야 하지만 쉽지가 않네요
멀어지는 그 뒷모습만을 바라보다
작은 점이 되어 사라진다
누군갈 만나면 위로가 될까
옛 생각이 나
니 생각이 나
IF YOU
IF YOU
아직 너무 늦지 않았다면
우리 다시 돌아갈 수는 없을까
IF YOU
IF YOU
너도 나와 같이 힘들다면
우리 조금 쉽게 갈 수는 없을까
있을 때 잘할 걸 그랬어
오늘같이 가녀린 비가 내리는 날이면
너의 그림자가 떠오르고
서랍 속에 몰래 넣어둔
우리의 추억을
다시 꺼내 홀로 회상하고
헤어짐이란 슬픔의 무게를
난 왜 몰랐을까
IF YOU
IF YOU
IF YOU
IF YOU
아직 너무 늦지 않았다면
우리 다시 돌아갈 수는 없을까
IF YOU
IF YOU
IF YOU
IF YOU
너도 나와 같이 힘들다면
우리 조금 쉽게 갈 수는 없을까
있을 때 잘할 걸 그랬어",https://cdnimg.melon.co.kr/cm/album/images/023/26/937/2326937_500.jpg/melon/resize/282/quality/80/optimize,"182,219"
18,부동의 첫사랑,10CM,"주인공은 아니었지
누구의 시점에서도
그냥 스쳐 지나가거나
친구3이라거나
이름 없는 역할 뿐
너에게는 알 수 없는
멋진 향기가 났었지
지나칠 수 없는 마음을
대사 한 줄 없지만
말하고 싶었는데
창가에 비친 너의 얼굴은
나만을 위한 등장이었는지
단 한 번의 명장면이
빠르게 지나가고 있었지
소리쳐 이름을 불러 볼까
한 시간쯤은 기억해 줄까
뒤를 돌아봐 주었지만
너의 미소는 내게 와주지 않았지
다음 편이 기대되지 않는
예상 가능한 엔딩만 남은
로맨스도 뭣도 아닌
나의 부동의 첫사랑
좋아하는 마음이란
왜 감출 수가 없는지
나는 바보 같은 말투로
대본에도 없었던
고백을 해버렸지
대답이 없는 너의 표정은
누구를 위한 연출이었는지
웃기라도 해준다면
이상한 애가 돼도 좋은데
소리쳐 이름을 불러 볼까
30분쯤은 기억해 줄까
뒤를 돌아봐 주었지만
너의 미소는 내게 와주지 않았지
다음 편이 기대되지 않는
예상 가능한 엔딩만 남은
로맨스도 뭣도 아닌
나의 부동의 첫사랑
굳이 응원해 준 사람도 없었지만
너를 향한 노래가 생겼어
이젠 웃으며 부를 수 있어
그저 흐릿한 조명처럼
너의 미소를 빛내줄 수만 있다면
예고편이 공개되지 않고
뻔한 엔딩도 맺지 못했지만
나의 마음속 언제나
항상 빛나고 있는
부동의 첫사랑",https://cdnimg.melon.co.kr/cm2/album/images/112/43/537/11243537_20230512161747_500.jpg?2104f13ed40d7e622bb90deb587ab165/melon/resize/282/quality/80/optimize,0
19,You(=I),볼빨간사춘기,"바보야 오늘은
안된다고 말하지마
오늘만큼은 내게도
꼭 기회를 줘
사랑스럽게 웃는 것도
예쁘게 말하는 것도
많이 연습했어
보고 싶어도 참으라고 하지마
Baby 난 좀 억지
부리는 것도 맞아
오늘도 내 눈물 연기로
받아낸 너와의 데이트
보고 싶어도
매일 꾹 참고 있어도
나는 네가 안아주기만 하면
샤르르르르 녹아 Yeah
Baby You You You Yeah Yeah
You You You Yeah Yeah
Baby 난 좀
욕심부리는 것도 맞아
오늘도 못되게 떼를 써
받아낸 너와의 데이트
사랑한다고 매일
꼭 표현 못해도
나는 네가 안아주기만 하면
샤르르르르 녹아 Yeah
Baby You You You Yeah Yeah
You You You Yeah Yeah
You You You Yeah Yeah
You You You Yeah
서투른 내 맘이
너에게 닿을까 봐
사실 손잡는 것도
많이 떨리는 난데
오늘도 배웠는걸
널 더 닮아가던걸
이젠 내가 널 닮아서
함께 웃고 있던걸 Yeah
You Woo Yeah
You You You Yeah Yeah
그대를 닮아서
마음이 더 큰 사람이 되면
그대를 내 품 안에
꼭 안아 줄래요
You You You Yeah Yeah
You You You Yeah Yeah",https://cdnimg.melon.co.kr/cm/album/images/027/07/131/2707131_500.jpg?d12844bf96d3e276ece24c1a2a50fd68/melon/resize/282/quality/80/optimize,"132,682"
20,200%,AKMU (악뮤),"uh 나를봐 나를봐 나를봐
날 바라봐 바라봐 바라봐
너를 본 내 마음속에 사랑이
내 본능이 고백 빨리 하라 해
네 주위를 둘러싼 수많은 경쟁자
Yes I'm a soldier for you
sweet멘트 장전
발사하기 전에 제군들
입 풀었나 yes 완전
간장콩장콩장장 equals
간 콩장장
Yeah I'm ready
아침이 깨는 소리 Morning
바람들은
makes harmony
저물어가는 달빛은
let it go uh
여물어가는 romance
꿈꾸고 good night
Hey baby it's comin' new day
새로운 느낌이야 이건
Hey 왜 이래
It's common lovesick
아무래도 이거는 이거는
It must be L O V E 200 percent
sure of that
I want you really I mean really
정말이야 널 좋아하는데
빨갛게 익은
내 얼굴이 그걸 증명해
나를 봐 나를 봐 나를 봐
날 바라봐 바라봐 바라봐
난 strawberry처럼
very very
상큼한 사람
don't worry worry
어리바리한 그대
주위 사람들은 모두 다 이기주의
밤낮을 걸으며 널 지켜줄
나와 달리 그들은
차 키를 과시하지만
BAD GUY
자다가 일어나 잠꼬대로도 널 찾네
아침이 깨는 소리 Morning
바람들은
makes harmony
저물어가는 달빛은
let it go
여물어가는
romance 꿈꾸고
Hello 어디 가는 거니
where you
I'll be there
네가 있는 그 거리
that way
아직 우리 사이 서먹해도
그래도 try는 해봐야지 나라도
It must be L O V E 200 percent
sure of that
I want you really I mean really
정말이야 널 좋아하는데
빨갛게 익은 내 얼굴이 그걸 증명해
처음이야 이런 기분
멈추질 못하겠어 막 넘쳐
누가 잠가놓은 듯 내 입은
네 앞에서 오물쪼물 안 열려
내 부름에 뒤를 돌아보는
네 두 눈을 보니
I said see you tomorrow
Oh baby it can't be over like this
someone help me
내 맘을 전할 수 있다면
사실은 나 널 oh please
좋아하는데 I'm sure
모든 걸 담은 이 눈빛이 그걸 증명해
It must be L O V E 200 percent
sure of that
I want you really I mean really
정말이야 널 좋아하는데
빨갛게 익은 내 얼굴이 그걸 증명해
It must be L O V E",https://cdnimg.melon.co.kr/cm/album/images/022/49/127/2249127_500.jpg/melon/resize/282/quality/80/optimize,"157,992"
21,나만 안되는 연애,볼빨간사춘기,"왠지 오늘따라
마음이 아픈지 했더니
오늘은 그대가
날 떠나가는 날이래요
왜 항상 나는 이렇게
외로운 사랑을 하는지
도무지 이해가 안가는
이상한 날이에요
왜 그랬는지 묻고 싶죠
날 사랑하긴 했는지
그랬다면 왜 날 안아줬는지
그렇게 예뻐했는지
나만 이런 세상을
살고 있는 것 같아요
바라보기만 하다
포기할 수는 없겠죠
근데도 이렇게 아픈 마음만
가지고 사는 건
도무지 불공평해서
견딜 수가 없어요
Please come back to me
왠지 오늘만은
그렇게 보내기 싫은지
오늘은 그대와 나
마지막인가 봐요
왜 항상 나는 이렇게
아무 말도 못하는지
도무지 이해가 안가는
이상한 날이에요
시작부터 사랑하지 않았다고
내게 말했었다면
그랬다면 나의 마음은
이렇게 굳게 닫혔을까요
나만 이런 세상을
살고 있는 것 같아요
바라보기만 하다
포기할 수는 없겠죠
근데도 이렇게 아픈 마음만
가지고 사는 건
도무지 불공평해서
견딜 수가 없어요
그대는 아무렇지 않겠죠
Please come back to me
내 눈물로 더 이상
붙잡을 수는 없겠죠
Please come back to me
근데도 이렇게 아픈 마음만
가지고 사는 건
도무지 불공평해서
견딜 수가 없어요
Please come back to me
Please come back to me
나는 사실 이성적인 게
참 싫어요
그래서 우린
헤어져야만 했으니까
아무렇지 않게 살아가도
매일 밤이 고통스럽겠죠
그대가 정이 많은
사람이었다면
날 안아주진 않았을까요",https://cdnimg.melon.co.kr/cm/album/images/027/07/131/2707131_500.jpg?d12844bf96d3e276ece24c1a2a50fd68/melon/resize/282/quality/80/optimize,"211,983"
22,썸 탈꺼야,볼빨간사춘기,"표현이 서툰 것도 잘못인가요
나 차가운 도시에 따뜻한 여잔데
그냥 좋아한단 말도 안 되는가요
솔직하게 난 말하고 싶어요
사라져 아니 사라지지 마
네 맘을 보여줘 아니 보여주지 마
하루 종일 머릿속에 네 미소만
우리 그냥 한번 만나볼래요
나 오늘부터 너랑 썸을 한번 타볼 거야
나 매일매일 네게 전화도 할 거야
밀가루 못 먹는 나를 달래서라도
너랑 맛있는 걸 먹으러 다닐 거야
넘넘 스윗한 넌 정말 달콤한 걸
넘넘 스윗한 넌
그냥 좋아한단 말도 안 되는가요
솔직하게 난 말하고 싶어요
사라져 아니 사라지지 마
네 맘을 보여줘 아니 보여주지 마
하루 종일 머릿속에 네 미소만
우리 그냥 한번 만나볼래요
나 오늘부터 너랑 썸을 한번 타볼 거야
나 매일매일 네게 전화도 할 거야
밀가루 못 먹는 나를 달래서라도
너랑 맛있는 걸 먹으러 다닐 거야
사랑은 이렇게 생기는 게 아니겠어
어쩌면 내 맘의 반쪽을
네게 걸어보는 건데
나는 오늘도 네게 차일 것만 같아도
난 한번 더 너에게 다시 달려가 볼 거야
나 오늘부터 너랑 썸을 한번 타볼 거야
나 매일매일 네게 전화도 할 거야
매운 거 못 먹는 나를 달래서라도
너랑 맛있는 걸 먹으러 다닐 거야
나도 그 애처럼 좋아요 좀 눌러줘
나도 너랑 말 좀 할 수 있게 해줘
나는 풀이 죽어서 오늘도 포기하고
뒤를 돌아볼 때쯤 나를 붙잡는 넌
넘넘 스윗한 넌 정말 달콤한 걸
넘넘 스윗한 넌",https://cdnimg.melon.co.kr/cm/album/images/101/00/191/10100191_500.jpg?0e733ba07eeb0fd8a39f04a8eb6291fd/melon/resize/282/quality/80/optimize,"218,682"
23,좋다고 말해,볼빨간사춘기,"안녕 오늘도
같은 자리 버스 창가에
기대 앉은 네게
인사를 해 Hi
역시 넌 받아 주지를 않네
인기 많고 잘생긴 넌 내게만
그렇게 쌀쌀하게 굴더라
근데 Last Night
기억나 넌 내가 좋다고 했어
그 예쁜 가로등 아래서
넌 내가 좋다고 말했어
다음부턴 모른 척
아닌 척해도
You Have To Know That
확신을 해야 돼 넌
그날 넌
내가 좋다고 했어 Yeah
If You Like Me Or
Love Me Just Say Yes Yes Yes
And Then I'm Your Girlfriend
And You're My Boyfriend
어서 내게 좋다고 말해 줘
몰래 오늘도
도서관 맨 앞자리에
기대 앉은 네게
인사를 해 Oh Boy
역시 넌 받아 주지를 않네
인기 많고 잘생긴 넌 내게만
그렇게 쌀쌀하게 굴더라
근데 Last Night
기억나 넌 내가 좋다고 했어
그 예쁜 가로등 아래서
넌 내가 좋다고 말했어
다음부턴 모른 척
아닌 척해도
You Have To Know That
확신을 해야 돼 넌
그날 넌
내가 좋다고 했어 Yeah
If You Like Me Or
Love Me Just Say Yes Yes Yes
And Then I'm Your Girlfriend
And You're My Boyfriend
어서 내게 좋다고 말해 줘 Oh
널 참 많이 좋아하는 난데
우린 이어질 수 없는 걸까
내 긴 교복 치마가 부끄러워
초라해 Yeah
네 곁엔 항상 키 크고
예쁜 애들이 넘치는데 Woo
If You Like Me
If You Love Me Yeah
And Then I'm Your Girlfriend
And You're My Boyfriend
어서 내게 좋다고 말해 줘
If You Like Me Or
Love Me Just Say Yes Yes Yes
And Then I'm Your Girlfriend
And You're My Boyfriend
어서 내게 좋다고 말해 줘",https://cdnimg.melon.co.kr/cm/album/images/100/24/816/10024816_500.jpg?842e4108606415dae60b5ff6aa64ad76/melon/resize/282/quality/80/optimize,"232,581"
24,사라진 모든 것들에게(with ELLE KOREA),코드 쿤스트 (CODE KUNST),"멀어진 우리 거리만큼
내 삶과 더 가까워져서
뚫어져라 나만 보다
오늘은 마침내 관통했나 봐
구멍 난 이 맘 가리우고파
새하얀 웃음 귀에 걸고선
느닷없이 사라지던
그 숱한 밤들을 떠올려보네
Time flies
Keep your eyes open wide
Oh our love runs
Keep your arms open wide
사라진 모든 것들에게
잊혀진 모든 밤들에게
그럼에도 속삭이던
조그마한 사랑과 마음들에게
돌아갈 수 없다 한 대도
이 밤 또 노래를 불러야지
그리워하는 마음이
미래를 향하는 마음이라며
뭘 하든 뜨뜻미지근한 나의 지금
기쁘거나 슬프지도 않아
그냥 멍하게 앉아있기만
집에 혼자 있는 거 좋아하지만
나도 답답한 건
참을 수 없네 끝내 터져 나오는
지겨운 신음
밖에 나가고 싶은데
나가기 싫은 기분에
이 비극에도 잘만 놀러 다니는
친구에게 심술냈네
괜히 짜증만 늘어가고
사는 낙이 없네
별로 한 것도 없는데
벌써 연말이 오네
환기가 안 되네 삶에
창문을 활짝 열어도
오늘은 꽤나 맑네
좋은 날씨가 그나마 위로돼
우리가 잃어버린 것을
되찾을 수 있을진 모르겠다만
그 사실을 애써 잊어버리고 사니까
난 조금 괜찮아
사라진 모든 것들에게
잊혀진 모든 밤들에게
그럼에도 속삭이던
조그마한 사랑과 마음들에게
돌아갈 수 없다 한 대도
이 밤 또 노래를 불러야지
그리워하는 마음이
미래를 향하는 마음이라며
사라진 모든 것들에게
잊혀진 모든 밤들에게
그럼에도 속삭이던
조그마한 사랑과 마음들에게
돌아갈 수 없다 한 대도
이 밤 또 노래를 불러야지
그리워하는 마음이
미래를 향하는 마음이라며
사라진 모든 것들에게
잊혀진 모든 밤들에게
그럼에도 속삭이던
조그마한 사랑과 마음들에게
돌아갈 수 없다 한 대도
이 밤 또 노래를 불러야지
그리워하는 마음이
미래를 향하는 마음이라며",https://cdnimg.melon.co.kr/cm2/album/images/105/18/635/10518635_20201116120552_500.jpg?dafb9755183d69fd79f6b994960d094c/melon/resize/282/quality/80/optimize,"97,117"
25,니가 보고싶은 밤,윤딴딴,"유독 너랑 헤어지기 싫은 밤
집으로 돌아가는 길에
니가 서 있던 그곳에 난 또다시
밤을 태우듯 뛰어갔고
아무 생각조차도 할 새 없이
너를 와락 안아버렸고
아무도 없는 가로등 불빛 아래
짧은 키스를 나눴어
니가 떠나고 난 뒤에
아무런 일도 없단 듯이
잘 자라는 인사 건네며
깊은 한숨을 내쉬었지
밤은 깊어만 가고
의미 없이 널브러진
침대를 박차고 일어나
너의 이불에 들어가고 싶은데
마음은 깊어만 가고
의미 없이 전화기만
자꾸만 들었다 놨다
이 밤이 또 지나가는 게
너무 아쉬워
잠 못 드네
하루종일 니 생각이
온종일 하루종일 니 생각이
나지는 않더라도
용기를 내어 전화길 잡은 손에
숨은 가쁘게 뛰어갔고
너는 지금은 조금 바쁘다며
이따 연락하자고 했고
아무도 없는 작은 방 불빛 아래
짧은 한숨을 내쉬었어
해가 저물고 난 뒤에
아무 연락도 없는 거야
스치는 많은 생각 속에
자꾸 머리만 넘겼지
밤은 깊어만 가고
의미 없이 널브러진
침대를 박차고 일어나
너의 이불에 들어가고 싶은데
마음은 깊어만 가고
의미 없이 전화기만
자꾸만 들었다 놨다
이 밤이 또 지나가는 게
너무 아쉬워
잠 못 드네
밤은 깊어만 가고
의미 없이 혼자서만
자꾸만 중얼중얼대
너의 안으로 들어가고 싶다고
마음이 깊어지는 게
또 의미 없는 혼자만의
상처로 지나긴 싫어
이 밤이 또 지나기 전에
너를 내 품에 안고 싶어
유독 니가 보고싶은 밤",https://cdnimg.melon.co.kr/cm/album/images/100/39/982/10039982_500.jpg?bbd661d81c752901e26c900b91474686/melon/resize/282/quality/80/optimize,"148,022"
26,오늘,오왠 (O.WHEN),"새벽4시 잠들지 않아
돌아갈 수 없는
시간들을 생각하곤 해
습관처럼 마음이 아려와
집으로 가는 길은
자꾸만 멀어지는데
저만치 멀어지는
찾을 수 없는 잡을 수 없는
Take it easy
나만 왜 이렇게 힘든 건가요
오늘밤이
왜 오늘의 나를 괴롭히죠
아무것도 한게 없는 하루인데
나는 왜 이렇게
눈치만 보고 있는 건지
아쉬움은 나를 찾아 다가오네
창문 밖은 벌써 따뜻한데
Take it easy
나만 왜 이렇게 힘든 건가요
오늘밤이
왜 오늘의 나를 괴롭히죠
한번만 다시 또
일어설 수 있나요 음음음
오늘도 슬픔에 잠겨
밤을 지우고 있나요
Take it easy
나만 왜 이렇게 힘든 건가요
오늘밤이
왜 오늘의 나를 괴롭히죠
Take it easy
왜 오늘의 나를 괴롭히죠",https://cdnimg.melon.co.kr/cm/album/images/026/83/581/2683581_500.jpg/melon/resize/282/quality/80/optimize,"142,165"
27,"L’Amour, Les Baguettes, Paris",스텔라장 (Stella Jang),"C’est drôle, je ne sais pourquoi
참 재밌어 무슨 이유인지 모르겠지만
Ca me fait toujours penser à toi
항상 네 생각이 나네
Pour plein d'aut' gens, c'est la magie
다른 많은 사람들에겐 마법이고
L'amour, les baguettes, Paris.
사랑이고 바게트겠지, 파리

Toujours au même endroit
항상 같은 자리에서
Comme si c’était hier, j’te vois
마치 어제인 것처럼 네가 보여
Pour plein d'aut' gens, c'est la magie
다른 많은 사람들에겐 마법이고
L'amour, les baguettes, Paris.
사랑이고 바게트겠지, 파리

Eux voient les lumières, les paillettes
그들은 불빛과 반짝임을 보고
La tour eiffel, la Seine, les fêtes
에펠탑, 센 강, 축제들을 보지만
Mais moi quand j’arrive sur cette rue
나는 이 거리에 도착하면
j'pense à toi qui ne réponds plus
대답 없는 너를 떠올리게 돼

Même si je ne te revois pas
널 다시 볼 수 없더라도
Tu seras toujours une partie de moi
넌 항상 나의 일부일 거야
Pour plein d'aut' gens, c'est la magie
다른 많은 사람들에겐 마법이고
L'amour, les baguettes, Paris.
사랑이고 바게트겠지, 파리

Les fous rires sur ces marches
이 계단 위에서 미친 듯 웃던 소리가
Résonnent dans ma mémoire
기억 속에 울려
je les emporte là où je pars
어딜 가든 간직할게

Eux voient les lumières, les paillettes
그들은 불빛과 반짝임을 보고
La tour eiffel, la Seine, les fêtes
에펠탑, 센 강, 축제들을 보지만
Mais moi quand j’arrive sur cette rue
나는 이 거리에 도착하면
j'pense à toi qui ne réponds plus
대답 없는 너를 떠올리게 돼

Pour moi ce n’est pas juste une ville
내겐 그저 한 도시가 아니야
C’est l’histoire de nos passions juvéniles
우리 젊은 날의 열정의 기록이야
Pour plein d'aut' gens, c'est la magie
다른 많은 사람들에겐 마법이고
L'amour, les baguettes, Paris.
사랑이고 바게트겠지, 파리",https://cdnimg.melon.co.kr/cm2/album/images/107/40/744/10740744_20211014151807_500.jpg?d192fc1f0945c9dfaa6db06a0b874177/melon/resize/282/quality/80/optimize,"32,748"
28,남이 될 수 있을까,볼빨간사춘기,"쉴 새 없이 울려 대던
내 전화기는 잠잠해져 가
할 말을 잃은 것 같아
정신없이 쏟아내던 그 모진 말들
주워 담지는 못해
아마 날 떠날 것 같아
난 너를 지울 수 있을까
그저 한 순간에
우린 남이 될 수 있을까
쉽지 않을 걸 알지만
좋았던 날도 많았지만
되돌리기엔 멀리 와 버린 걸까
난 너를 지울 수 있을까
우린 남이 될 수 있을까
눈물조차 흐르지 않아
홧김에 던져 망가진 내 폰
마치 날 보는 것 같아
예전과 달리 잦아진
끝이 없는 듯한 감정싸움에
이제 난 지친 것 같아
난 너를 지울 수 있을까
그저 한 순간에
우린 남이 될 수 있을까
쉽지 않을 걸 알지만
좋았던 날도 많았겠지만
되돌리기엔 멀리 와 버린 걸까
괜찮은 척해도 먹먹해진 기분은
진해져만 가 떨쳐내려
괜히 웃어보아도
숨길 수 없는 걸 이별이 오는 걸
우리의 시간은 멈춰버린걸
난 너를 지울 수 있을까
우린 남이 될 수 있을까
난 너를 지울 수 있을까
그저 한 순간에
우린 남이 될 수 있을까
쉽지 않을 걸 알지만
좋았던 날도 많았지만
되돌리기엔 멀리 와 버린 걸까
난 너를 지울 수 있을까
우린 남이 될 수 있을까
We loved We loved We loved
We loved We loved We loved",https://cdnimg.melon.co.kr/cm/album/images/100/70/846/10070846_500.jpg?7a3a2e2d20fadfd654bc8564f2454c27/melon/resize/282/quality/80/optimize,"206,544"
29,김철수 씨 이야기,허회경,"사실 너도 똑같더라고
내 기쁨은 늘 질투가 되고
슬픔은 항상 약점이 돼
사실 너도 다를 게 없더라고
생각해 보면 난 친구보다
떠돌이 강아지를 더 사랑해
특별하다고 한 너는 사실 똑같더라고
특별함이 하나 둘 모이면
평범함이 되고
우두커니 서서
세상을 가만히 내려다보면
비극은 언제나
발 뻗고 잘 때쯤 찾아온단다
아아아아
슬퍼라
아아아아
사실 너도 똑같더라고
내 사랑은 늘 재앙이 되고
재앙은 항상 사랑이 돼
널 사랑할 용기는
아무리 찾아도 없더라고
겁쟁이는 작은 행복마저
두려운 법이라고
우두커니 서서
세상을 가만히 내려다보면
비극은 언제나
입꼬리를 올릴 때 찾아온단다
아아아아
슬퍼라
아아아아
내방의 벽은 늘 젖어있어서
기댈 수 없고
나의 이웃은
그저 운 좋은 멍청이들뿐이야
나의 바다는
사막으로 변해가기만 하고
나는 앞으로 걸어가도 뒤로 넘어지네
아아아아
슬퍼라
아아아아
슬퍼라",https://cdnimg.melon.co.kr/cm2/album/images/107/34/371/10734371_20211007150652_500.jpg?7414b266bb7dd8b3723d2398daedb9c7/melon/resize/282/quality/80/optimize,"75,360"
30,그렇게 살아가는 것,허회경,"가시 같은 말을 내뱉고
날씨 같은 인생을 탓하고
또 사랑 같은 말을 다시 내뱉는 것
사랑 같은 말을 내뱉고
작은 일에 웃음 지어놓고선
또 상처 같은 말을 입에 담는 것
매일 이렇게 살아가는 게
가끔은 너무 서러워 나
익숙한 듯이 살아가는 게
가끔은 너무 무서워 나
돌아오는 차 안에서 그저
조용히 생각에 잠겨
정답을 찾아 헤매이다가
그렇게 눈을 감는 것
그렇게 잠에 드는 것
그렇게 잠에 드는 것
그렇게 살아 가는 것
그렇게 살아 가는 것
아아아아
아아아아
상처 같은 말을 내뱉고
예쁜 말을 찾아 헤매고선
한숨 같은 것을 깊게 내뱉는 것
쓰러지듯이 침대에 누워
가만히 눈을 감고서
다 괜찮다고 되뇌이다가
그렇게 잠에 드는 것
그렇게 꿈을 꾸는 것
그렇게 꿈을 꾸는 것
그렇게 살아가는 것
그렇게 살아가는 것
우우우우
우우우우
한숨 같은 것을 내뱉고
사람들을 찾아 꼭 안고선
사랑 같은 말을 다시 내뱉는 것",https://cdnimg.melon.co.kr/cm2/album/images/108/32/623/10832623_20220105113756_500.jpg?39706ab99713f08d96769a1da24654bf/melon/resize/282/quality/80/optimize,"55,460"
31,STAY,BLACKPINK,"툭하면 거친 말들로
내 맘에 상처를 내놓고
미안하단 말 한마디 없이
또 나 혼자 위로하고
오늘 하루도 혹시 날 떠날까
늘 불안해 해
I just want you to stay
점점 무뎌져 가는 너의 그 무표정 속에
천천히 내려놓자며 거울에 속삭이곤 해
날 당연하게 생각하는 너지만
그게 너다워
그래도 stay stay stay with me
널 닮은 듯한 슬픈 멜로디
이렇게 날 울리는데 eh eh
네 향기는 달콤한 felony
너무 밉지만 사랑해
어두운 밤이 날 가두기 전에
내 곁을 떠나지마
아직 날 사랑하니
내 맘과 같다면 오늘은 떠나지마
굳이 너여야만 하는 이유는 묻지마
그저 내 곁에 stay with me
It goes a little something like
지금 당장 많은 걸 바라는 게 아냐
그저 내 곁에 stay with me
사실은 난 더 바라는 게 없어 이제
심장은 뛰긴 하는 건지 무감각해 그래
사람들과의 억지스런 한마디보단
너와의 어색한 침묵이 차라리 좋아
So stay 그게 어디가 됐건 말이야
가끔 어둠이 올 때면 I’ll be your fire
거짓 같은 세상 속 유일한 truth it’s you
This a letter from me to you
널 닮은 듯한 슬픈 멜로디
이렇게 날 울리는데 eh eh
네 향기는 달콤한 felony
너무 밉지만 사랑해
어두운 밤이 날 가두기 전에
내 곁을 떠나지마
아직 날 사랑하니
내 맘과 같다면 오늘은 떠나지마
굳이 너여야만 하는 이유는 묻지마
그저 내 곁에 stay with me
It goes a little something like
지금 당장 많은걸 바라는 게 아냐
그저 내 곁에 stay with me
It goes a little something like
지금 당장 많은걸 바라는 게 아냐
그저 내 곁에 stay with me",https://cdnimg.melon.co.kr/cm/album/images/100/11/491/10011491_500.jpg/melon/resize/282/quality/80/optimize,"158,250"
32,사랑은 은하수 다방에서,10CM,"사랑은 은하수 다방 문 앞에서 만나
홍차와 냉커피를 마시며
매일 똑같은 노래를 듣다가 온다네
그대는 물에 젖지 않은 성냥개비 같죠
아무리 싫은 표정 지어도
불타는 그 마음을 감출 수가 없다네

그대 나에게 무슨 말이라도 해주오
나는 찻잔에 무지개를 띄워주리
하루도 이틀도 사흘도 배겨낼 수가 없네
못 살고 못 죽고 그대 없는
홍대 상수동 신촌 이대 이태원
걸어 다닐 수도 없지

그대 나에게 무슨 말이라도 해주오
나는 찻잔에 무지개를 띄워주리
하루도 이틀도 사흘도 배겨낼 수가 없네
못 살고 못 죽고 그대 없는
홍대 상수동 신촌 이대 이태원
걸어 다닐 수도 없지

사랑은 은하수 다방 문 앞에서 만나
홍차와 냉커피를 마시며
매일 똑같은 노래를 듣다가 온다네
사랑은 은하수 다방 문 앞에서 만나
홍차와 냉커피를 마시며
매일 똑같은 노래를 듣다가 온다네

그대 그댈 그댄
그대 그댈 그댄
그대 그대 그댄
대박 대박",https://cdnimg.melon.co.kr/cm/album/images/011/66/956/1166956_500.jpg/melon/resize/282/quality/80/optimize,"97,508"
33,Little Star,스탠딩 에그,"눈을 감고
내가 하는 이야기를 잘 들어봐
나의 얘기가 끝나기 전에
너는 꿈을 꿀거야
Little star tonight
밤새 내가 지켜줄거야
처음 너를 만났을 때
정말 눈이 부셨어
너의 미소를 처음 봤을 땐
세상을 다 가졌어
Little star tonight
밤새 내가 지켜줄거야
내 품에 안긴 채
곤히 잠든 널 보며 나는 잠시도
눈을 뗄 수 없어
이렇게 예쁜데
숨이 멎을 것 같아
내가 어떻게 잠들 수 있겠니
나의 사랑 나의 전부
하늘이 내린 천사
나의 두 눈을 나의 세상을
모두 훔쳐버렸어
Little star tonight
밤새 내가 지켜줄거야
내 품에 안긴 채
곤히 잠든 널 보며
나는 잠시도 눈을 뗄 수 없어
이렇게 예쁜데
숨이 멎을 것 같아
내가 어떻게 잠들 수 있겠니
눈을 감고
내가 하는 이야기를 잘 들어봐
나의 얘기가 끝나기 전에
너는 꿈을 꿀거야
Little star tonight
밤새 내가 지켜줄거야
내 사랑 tonight
밤새 내가 지켜줄거야
평생 내가 지켜줄거야",https://cdnimg.melon.co.kr/cm/album/images/013/28/152/1328152_500.jpg/melon/resize/282/quality/80/optimize,"158,540"
34,"나만, 봄",볼빨간사춘기,"안돼 그만둬 거기까지 해
더 다가가면 너 정신 못 차려
안돼 그만해 꽃은 넣어둬
그냥 좀 바람이 불게 놔줘
왜 그럴까 사람들은
그냥 봄기운이 좋아
눈치 없이 밖을 나가는 걸까
왜 이럴까 뭐가 설렌다고
봄바람이 좋아
내 맘도 모르고 더 불어와
flower sunshine
완벽한 하루를
사실 너와 걸을 수 있다면
얼마나 좋을까
좋아한다고 말하기가 무서워서
네 곁을 맴돌고 있는 난
벚꽃도 뭐고 다 필요 없어
나는 네 곁에 있고 싶어 딱 붙어서
봄이 지나갈 때까지
다른 사람 다 사라져라 나만 봄
왜 그럴까 사람들은
그냥 봄기운이 좋아
눈치 없이 밖을 나가는 걸까
왜 이럴까 뭐가 설렌다고
봄바람이 좋아
내 맘도 모르고 더 불어와
flower sunshine
완벽한 하루를
사실 너와 걸을 수 있다면
얼마나 좋을까
좋아한다고 말하기가 무서워서
네 곁을 맴돌고 있는 난
벚꽃도 뭐고 다 필요 없어
나는 네 곁에 있고 싶어 딱 붙어서
봄이 지나갈 때까지
다른 사람 다 사라져라
언제 봄이 왔는지
내 맘도 모르고
봄바람이 자꾸만 불어와
네 곁에 딱 붙어서
떨어지지 않고 싶어
내 맘을 이제 말하고 싶어
벚꽃도 뭐고 다 필요 없어
나는 네 곁에 있고 싶어 딱 붙어서
봄이 지나갈 때까지
다른 사람 다 사라져라 나만 봄",https://cdnimg.melon.co.kr/cm/album/images/102/68/898/10268898_500.jpg?7c9e3cfcf193fc9ec4b6bd6a2b3ec24c/melon/resize/282/quality/80/optimize,"196,938"
35,사랑해 진짜,임영웅,"숱한 날들 모두 내게 남아있는 추억들
빛바랜 기억들 사이
그대 모습만이 아련하게 빛나네
지나간 세월이 야속하진 않아
그댈 만났으므로
피어날 내일을 기대해 오
그대 내게 와줬으니
나 진짜 진짜 당신만을 사랑하고 사랑해
내 삶의 반쪽 그대만을
아 나는 그대만 보고 있어
아 나는 그대를 사랑합니다
오색빛의 색이 물든 미완성의 그림 하나
그래 내 마음 같겠지
어느 날 그대가 내게 오기 전까지
지나간 시간이 야속하진 않아
그댈 만났으므로
피어날 내일을 기대해
그대 내게 와줬으니
나 진짜 진짜 당신만을 사랑하고 사랑해
내 삶의 반쪽 그대만을
아 나는 그대만 보고 있어
아 나는 그대를 사랑합니다
내게 와준 그대여 고맙고 또 고마워
하늘이 무너져도 그댈 찾을 수 있어
나 진짜 진짜 당신만을 사랑하고 사랑해
내 삶의 반쪽 그대만을
아 나는 그대만 보고 있어
아 나는 그대를 사랑합니다
그대를 사랑합니다",https://cdnimg.melon.co.kr/cm2/album/images/109/23/444/10923444_20220502140600_500.jpg?5bd42dcc031a23cd1cae99ae37a606aa/melon/resize/282/quality/80/optimize,"51,978"
36,동그라미,최유리,"이대로 나 모진 사람이 된 것 같아
이 걱정의 말을 해
내가 바라보는 사람이 되어볼까
모진 구석 하나 없구나
나는 그저 마음 하나를 빌린 건데
커져가니 닮아 있구나
많은 사람 지나쳐도 난 모진 사람
오늘은 곧 사라져 가는
사람들 속에서
아니 더 큰 먼지가 되어온 날
날 바라보는 사람들
시선에 갇혀 지내도
나는 아직 모질고 거친 거야
잊고 서 있는 사람이
되고 싶었어 그래도
내가 서툴어 말하지
않았다면 좋았을까
이대로 또 모진 사람이 된 것 같아
또 걱정의 말을 해
나는 겁이 나서 또 울고만 있고
오늘은 곧 사라져 가는
사람들 속에서
아니 더 큰 먼지가 되어온 날
날 바라보는 사람들
시선에 갇혀 지내도
나는 아직 모질고 거친 거야
잊고 서 있는 사람이
되고 싶었어 그래도
내가 서툴어 말하지
않았다면 좋았을까
잊고 서 있는 사람이
되고 싶었어 그래도
내가 서툴어 말하지
않았다면 좋았을까
이대로 나 모진 사람이 된 것 같아
나는 그저 마음 하나를 빌린 건데
많은 사람 지나쳐도 난 모진 사람",https://cdnimg.melon.co.kr/cm2/album/images/103/93/226/10393226_20200224153824_500.jpg?ccc4e97156fc247a22cf687f8d4b9b47/melon/resize/282/quality/80/optimize,"37,244"
37,가을 타나 봐,이무진,"계절은 돌고 돌아 돌아오는데
사랑은 돌고 돌아 떠나버리고
추억을 돌고 돌아 멈춰 서있는
다시 그 계절이 왔나 봐
나 가을 타나 봐
니가 그리워진 이 밤
나 혼자 널 기다리나 봐
나 가을 타나 봐
니가 불어오는 이 밤
나 혼자서 가을 타나 봐
Baby I'm lonely lonely lonely lonely
추억은 Falling falling falling falling
아무리 멀리멀리
떠나보내도 돌아오는 난
가을 타나 봐
내 곁을 스쳐 가는 많은 사람들
뭘 해도 채워지지 않는 시간들
아무리 잊어봐도 짙어져 가는
외로운 계절이 왔나 봐
나 가을 타나 봐
니가 그리워진 이 밤
나 혼자 널 기다리나 봐
나 가을 타나 봐
니가 불어오는 이 밤
나 혼자서 가을 타나 봐
Baby I'm lonely lonely lonely lonely
추억은 Falling falling falling falling
아무리 멀리멀리
떠나보내도 돌아오는 난
가을 타나 봐
You're always breathing in my mind
가슴 한구석이 시려와
Baby I'm missing you every night
니가 그리워
나 외로웠나 봐
니가 없는 이 거리에
나 혼자 널 서성이나 봐
참 보고 싶나 봐
너를 보내놓고 아직
나 혼자 널 사랑하나 봐
아직인가 봐 사랑하나 봐
니가 날 떠나가던
시린 이 계절이 돌아오면
가을 타나 봐
그리운가 봐
가을 타나 봐",https://cdnimg.melon.co.kr/cm2/album/images/107/12/767/10712767_20210913165623_500.jpg?9567dba5d06068cb4192016105daef8c/melon/resize/282/quality/80/optimize,"57,495"
38,봄이 좋냐??,10CM,"꽃이 언제 피는지
그딴 게 뭐가 중요한데
날씨가 언제 풀리는지
그딴 거 알면 뭐 할 건데
추울 땐 춥다고 붙어있고
더우면 덥다고 니네 진짜 이상해
너의 달콤한 남친은 사실 피씨방을 더
가고 싶어하지 겁나 피곤하대
봄이 그렇게도 좋냐 멍청이들아
벚꽃이 그렇게도 예쁘디 바보들아
결국 꽃잎은 떨어지지
니네도 떨어져라
몽땅 망해라
망해라
아무 문제 없는데
왜 나는 안 생기는 건데
날씨도 완전 풀렸는데
감기는 왜 또 걸리는데
추울 땐 추워서 안생기고
더우면 더워서 인생은 불공평해
너의 완벽한 연애는 아직 웃고 있지만
너도 차일거야 겁나 지독하게
봄이 그렇게도 좋냐 멍청이들아
벚꽃이 그렇게도 예쁘디 바보들아
결국 꽃잎은 떨어지지 니네도 떨어져라
몽땅
손 잡지 마 팔짱 끼지 마 끌어 안지 마
제발 아무것도 하지 좀 마
설레지 마 심쿵하지 마 행복하지 마
내 눈에 띄지 마
봄이 그렇게도 좋냐 멍청이들아
벚꽃이 그렇게도 예쁘디 바보들아
결국 꽃잎은 떨어지지 니네도 떨어져라
몽땅 망해라
망해라
망해라
망해라",https://cdnimg.melon.co.kr/cm/album/images/026/76/884/2676884_500.jpg?367ec29568659368b35de3e1cf009598/melon/resize/282/quality/80/optimize,"186,196"
39,기적 (Wonder),디오 (D.O.),"아무것도 아닌
일에 새기는 의미
바란 대로 써내린
소설의 글쓴이
끝없는 기대
너와의 미래
이뤄질 수만 있다면
몇 번을 다시 써내려
작은 우연들에 넘긴
새로운 장면
커져가는 마음은
이미 눈치챘어
우리 이야기
어떤 마지막이
상상한 만큼 이뤄진다면
이 밤을 다 새워

더 어렵기 전에
꺼내본 말들과
꿈만 같던 대답

모든 게 다 설레지
혼자서 바라던 맘이
하나 둘 이뤄질 날이
내겐 소설 같아
너를 만난 기적

같은 생각 같은 마음
둘만의 비밀
너무나도 많은 것을
바라고 있나
나의 마음과 너의 마음이
같아질 수만 있다면
몇 번을 다시 써내려
모든 문장 속에다
예쁜 단어로 널 채워봐
다음 이야기 어떤 장면이
상상한 만큼 이뤄진다면
이 밤을 다 새워

더 숨기기 싫은
솔직한 말들과
기적 같은 대답

모든 게 다 설레지
혼자서 바라던 맘이
하나 둘 이뤄질 날이
내겐 소설 같아
너를 만난 기적

모든 순간에
이제는 의미를 담아
둘만의 추억을 만들어 가
솔직한 사랑 진심으로
나의 하루를 채우네
어떻게 어떻게 넌
날 웃게 해 웃게 해 또

모든 게 다 새롭지
(모두 새롭지)
매일 바라던 날들이
(바라던 날들이)
눈앞에 펼쳐진다니
내겐 소설 같아
너를 만난 기적
(기적 같은 일)

길었던 이야기야
너와 내가 만나
나의 마지막 대사
이제 너에게 난
나에게 넌 기적",https://cdnimg.melon.co.kr/cm2/album/images/113/23/044/11323044_20230918120653_500.jpg?96485815b31c83574ba34db820882316/melon/resize/282/quality/80/optimize,"14,526"
40,여름날 (feat. 하현상),볼빨간사춘기,"푸른 밤 우리 둘 아주 먼 여행을 기약하죠
초록빛으로 가득 채운 색으로 하늘을 칠해요

음음 한적한 골목
음음 우리만 아는 거리
시원한 커피 한 잔의 기찻길 역 자그마한 카페

여름날 우리 둘 손 잡고 멀리로 떠날까요
시원한 바람맞으며 걸어가는 이곳에 우릴 그려요

음음 한적한 골목
음음 우리만 아는 거리
시원한 커피 한 잔의 기찻길 역 자그마한 카페

여름날 우리 둘 손 잡고 멀리로 떠날까요
시원한 바람맞으며 걸어가는 이곳에 우릴 그려요

우리의 여름이 지나가고
싱그런 파도 소리와 함께
흩어지고 부서져도 오래도록 그곳에 여름날의 우리

여름날 우리 둘 손 잡고 멀리로 떠날까요
시원한 바람맞으며 걸어가는 이곳에 우릴 그려요",https://cdnimg.melon.co.kr/cm2/album/images/112/79/354/11279354_20230704175636_500.jpg?47ff55f3f680fc32e81d5e8a3e948a37/melon/resize/282/quality/80/optimize,"25,648"
41,별 보러 갈래?,볼빨간사춘기,"maybe it's like a dream
I see the stars over me
maybe it's like a magic
I know you you you're my star
saturday night
재미없는 얘기
no beer no cheers
우리 둘만 여기
재미없는 사람끼리 눈이 맞았나 봐
you've heard of my songs
어떤 별을 가장 좋아하냐며
미소를 띠고 내게 말해 별 보러 갈래
listen to our favorite songs
좋아하는 노랠 듣고
웃고 떠들다 보면
we drive away
어느새 멋진 바다 위로
별들이 쏟아져내려
can’t you see the stars
they called it milky way
쏟아져 머리 위로
넌 나를 업고
모래사장을 뛰어다녀 yeah
그중 가장 예쁜 저 별을 찾아서
밤이 새도록 뛰어다니고
stars are over me
maybe I know the name
I see the stars over me
maybe you got a planet
I know you you got my star
everyday night
매일 같은 얘기
no feeling no chilling
우리 둘만 여기
재미없는 사람끼리 눈이 맞았나 봐
you've heard of my songs
어떤 별을 가장 좋아하냐며
미소를 띠고 내게 말해 별 보러 갈래
listen to our favorite songs
좋아하는 노랠 듣고
웃고 떠들다 보면
we drive away
어느새 멋진 바다 위로
별들이 쏟아져내려
can’t you see the stars
모래 위에 누워서
저 별을 다 세보다가
아름다웠던 우리
이 순간을 저 별에 담아서
we fell in love
see the star be your star yeah yeah
they called it milky way
쏟아져 머리 위로
넌 나를 업고
모래사장을 뛰어다녀 yeah
그중 가장 예쁜 저 별을 찾아서
밤이 새도록 뛰어다니고
stars are over me",https://cdnimg.melon.co.kr/cm/album/images/102/68/898/10268898_500.jpg?7c9e3cfcf193fc9ec4b6bd6a2b3ec24c/melon/resize/282/quality/80/optimize,"127,323"
42,나비와 고양이 (feat.백현 (BAEKHYUN)),볼빨간사춘기,"나를 보면 숨어요
어디든 자유롭게 날아요
이 날씨도 그댈 위한 거예요
난 너를 찾아요
그러면 그댄 어디든 있어요
내 손 위에 머물러 잠시 앉아 쉬어요
몰래몰래 그대를 보아요
사랑스런 날개
그댄 어디서 온 건가요
말하지 못한 채 나 손을 뻗어요
보랏빛 날개 그대는 달아요
내 맘이 그런 것처럼
그대 맘이 그런 것처럼 yeah
나를 보면 숨어요
어디든 자유롭게 날아요
이 날씨도 그댈 위한 거예요
난 너를 찾아요
그러면 그댄 어디든 있어요
내 손 위에 머물러 잠시 앉아 쉬어요
가만히 난 몰래몰래 그대를 보아요
사랑스런 날개
그댄 어디서 온 건가요
말하지 못한 채 나 손을 뻗어요
보랏빛 날개 그대는 달아요
내 맘이 그런 것처럼
그대 맘이 그런 것처럼 yeah
나를 보면 숨어요
어디든 자유롭게 날아요
이 날씨도 그댈 위한 거예요
난 너를 찾아요
그러면 그댄 어디든 있어요
내 손 위에 머물러 잠시 앉아 쉬어요
설렘이 가득하죠
이 날씨도 그 기분까지도
난 너를 찾아요
그러면 그댄 어디든 있어요
내 손 위에 머물러 잠시 앉아 쉬어요
내 어깨에 기대어
잠시 눈을 감아요",https://cdnimg.melon.co.kr/cm2/album/images/104/27/559/10427559_20200513160836_500.jpg?d1cde84eb4af4387a7888148f8cd1b25/melon/resize/282/quality/80/optimize,"178,773"
43,헤어지던 밤,어쿠루브,"아무렇지 않게 넌
평소와 같은 말투로
오늘 밤에 만나자
준비하고 널 만나러 갔어
장미꽃을 손에 꼭 들고서
집 앞에서 널 기다렸어
좋아할 너를 생각하면서
돌아오는 말은 헤어지자고
그 말하러 나온 거라고
순간 난 얼어버렸어
이제는 널 보고 싶어도
볼 수 없대
밤에 통화도 못한대
넌 그래도 괜찮니
널 잊고 행복하길 바란대
우 네 사랑은 여기까지 래요
먹먹하게 돌아오던 그 밤은
제일 추운 여름밤이었어
차가워진 우리 사이처럼
집에 들어와 침대에 누워서
탁자 위 사진을 보았어
우리 참 좋았었는데
이제는 널 보고 싶어도
볼 수 없대
밤에 통화도 못한대
넌 그래도 괜찮니
널 잊고 행복하길 바란대
우 네 사랑은 여기까지 래요
헤어진 그날 밤 너는
유난히도 예뻤어
그 모습을 기억할게
이제는 널 보고 싶어도
볼 수 없대
밤에 통화도 못한대
넌 그래도 괜찮니
널 잊고 행복하길 바란대
우 네 사랑은 여기까지 래요
내 사랑은 아직",https://cdnimg.melon.co.kr/cm/album/images/101/82/740/10182740_500.jpg?b2dac5f457131d2f1afb8862b0b2f5dd/melon/resize/282/quality/80/optimize,"70,530"
44,바다,최유리,"오늘도 그댄 어여쁜 바다로
내게 다가와
투명한 그대 마음에
하늘을 가득 담은 걸
밝았던 많은 모습들
그대로 남아있을 때
내가 바라고 바랬던
사람이 내게로 올까
네가 그 바다에 닿을 때까지
나는 네 줄을 놓지 않을게
너를 올려주고 고운 그대 저 바다에
닿을 때까지
우리 한 발씩 그대로 있었고
땀, 작은 눈물이 고여
모든 사람들 헤엄칠 수 있게
큰 바다가 될 때까지
곱게 놓여진 우리의 추억이
드넓었던 세상에서
너를 올려주면 고운 그대 저 바다에
닿게 될 거야
언젠가 우리 마주 볼 하늘이
내게 다가와
생각지 못한 마음이
한없이 작아지는 걸
나를 가졌던 모습들
그대로 남아있을 때
아름다웠던 기뻤던 사람이
내게로 올까
네가 그 바다에 닿을 때까지
나는 네 줄을 놓지 않을게
너를 올려주고 고운 그대 저 바다에
닿을 때까지
우리 한 발씩 그대로 있었고
땀, 작은 눈물이 고여
모든 사람들 헤엄칠 수 있게
큰 바다가 될 때까지
곱게 놓여진 우리의 추억이
드넓었던 세상에서
너를 올려주면 고운 그대 저 바다에
닿게 될 거야",https://cdnimg.melon.co.kr/cm2/album/images/110/36/283/11036283_20220823181214_500.jpg?f48b6b6e3177a27e9b05ba2ad56d7799/melon/resize/282/quality/80/optimize,"12,327"
45,Blue,볼빨간사춘기,"음음음음음 yeah 음음음음음
So blue blue blue blue blue yeah
blue blue blue blue blue
지금 내 맘의 색깔은 blue
기분이 별로 안 좋아
알잖아 나 좀 예민해
네게만 참 까다롭잖아
잘 지냈냐 물어보네
Do you 난 아냐
지금보다 조금 더 나아졌으면 해
미안해 미워해 조금은 좋아해
좀 야윈 모습이 안쓰럽기는 해도
나는 또 아직도
네 눈을 마주칠 수 없는 걸
넌 여전히 내가 참 미워 보이잖아
파랗게 blue blue 우리가 칠해지네
서로의 맘도 파랗게 멍들어갈 때
내 맘은 true true 너와 함께 있을 땐
사랑받던 모습이
그토록 아름다웠는데
음음음음음 yeah 음음음음음
So blue blue blue blue blue yeah
blue blue blue blue blue
지금 내 맘의 색깔은 blue
기분이 별로 안 좋아
알잖아 나 좀 피곤해
네게만 참 까다롭잖아
잘 지냈냐 물어봐도
Do you 난 아냐
지금보다 조금 더 아파했으면 해
미안해 미워해 아직 널 좋아해
네 지친 모습이 안쓰럽기는 해도
나는 또 아직도
네 눈을 마주칠 수 없는 걸
넌 여전히 내가 참 미워 보이잖아
파랗게 blue blue 우리가 칠해지네
서로의 맘도 파랗게 멍들어갈 때
내 맘은 true true 너와 함께 있을 땐
사랑받던 모습이
그토록 아름다웠는데
미안해 미워해 조금은 좋아해
미안해 미워해 아직 널 좋아해
파랗게 blue blue 우리가 칠해지네
서로의 맘도 파랗게 멍들어갈 때
내 맘은 true true 너와 함께 있을 땐
사랑받던 모습이
그토록 아름다웠는데
음음음음음 yeah 음음음음음
So blue blue blue blue blue yeah
blue blue blue blue blue",https://cdnimg.melon.co.kr/cm/album/images/101/00/191/10100191_500.jpg?0e733ba07eeb0fd8a39f04a8eb6291fd/melon/resize/282/quality/80/optimize,"155,753"
46,애상,10CM,"말리지마 내 이런 사랑을
너만 보면 미칠 것 같은 이 맘을
누가 알겠어 웨딩드레스 입은
니 곁에 다른 사람이
알잖아 너를 이토록
사랑하며 기다린 나를
뭐가 그리 바쁜지 너무 보기 힘들어
넌 도대체 뭐하고 다니니
그게 아냐 이유는 묻지마
그냥 믿고 기다려 주겠니
내게도 사랑을 위한 시간이 필요해
널 받아들일 수 있게
일부러 피하는 거니
문자 해도 아무 소식 없는 너
싫으면 그냥 싫다고 솔직하게 말해봐
말리지마 내 이런 사랑을 너만
보면 미칠 것 같은 이 맘을
누가 알겠어 웨딩드레스 입은
니 곁에 다른 사람이
난 두려워 나보다 더 멋진
그런 남자 니가 만날까봐
아니야 그렇지 않아 정말
너 하나뿐야 속는셈 치고
한번 믿어봐
우연히 너를 보았지
다른 남자 품 안에
너를 한번도 볼 수 없었던
너무 행복한 미소
내 사랑은 무너져 버렸어
그게 아냐 변명이 아니라
그 남자는 나완 상관없어
잠시 나 어지러워서 기댄 것
뿐이야 날 오해하지 말아줘
나 역시 많은 여자들 만났다가
헤어져도 봤지만
한꺼번에 많은 여자를
만난 적은 없었어
니가 뭔데 날 아프게 하니 너
때문에 상처 돼버린 내 사랑
이제 다시는 너의 어떤 만남도
나 같은 사람 없을 걸
난 두려워 나 역시 다시는
이런 사랑할 수 없을까봐
믿을 수 없겠지만은 니가
첫사랑인데 떠나버리면 어떡하라고
사랑까지는 바라지도 않을께
니 곁에 항상 있게만 해줘 제발 제발",https://cdnimg.melon.co.kr/cm/album/images/020/59/186/2059186_500.jpg/melon/resize/282/quality/80/optimize,"87,705"
47,심술,볼빨간사춘기,"노란 머리 볼에 빨간 홍조
빼빼 묶은 머리
but a girl with bobbed hair
나 신발 꺾어 신고 돌아다녀
Cuz I'm lonely
내가 좋아하는 건
제일 잘하는 건
물어뜯기 꼬집기 깨물기
and 몰래 따라 걷기
with red sunglass
Hey Miss short skirt lady
손때 묻은 손수건은 좀 떼줄래
Hey 뭐야 긴 생머리 언니
헐 아이 컨택은
그만 부리고 그 손 떼
헝클어진 머리칼을 흩날리며
네게 건네 조금은
녹아 흘러내린 아이스크림
좀 따가운 시선 받으면 어때
네게 주려고 진득해진
손바닥으로 달려온 나야
너 진짜 귀여워 진짜 잘생겼어
그러니까 여자들이
자꾸 들러붙어
이거 뭐예요
저거 뭐예요
Or you have a girl friend
Hey Miss short skirt lady
손때 묻은 손수건은 좀 떼줄래
Hey 뭐야 긴 생머리 언니
헐 아이 컨택은 그만 부리고
그 손 떼
U know what I’m saying
헝클어진 머리칼을
흩날리며 네게 건네
조금은 녹아
흘러내린 아이스크림
좀 따가운 시선 받으면 어때
네게 줄려고 진득해진
손바닥으로 달려 온 나야
Woo Yeah 진짜 얄미운 너 yeah
나는 싫어 네가 볼 꼬집는 거
빨갛게 익은 내 맘 놀리는 것도
싫어 이렇게 심술 부리는 거야",https://cdnimg.melon.co.kr/cm/album/images/026/80/986/2680986_500.jpg?51d984e7762108e5894eb1e871befb28/melon/resize/282/quality/80/optimize,"153,738"
48,청춘 (Feat. 김창완),김필,"언젠간 가겠지 푸르른 이 청춘
지고 또 피는 꽃잎처럼
달밝은 밤이면 창가에 흐르는
내 젊은 연가가 구슬퍼
가고없는 날들을 잡으려 잡으려
빈 손짓에 슬퍼지면
차라리 보내야지 돌아서야지
그렇게 세월은 가는거야
나를 두고 간 님은 용서하겠지만
날 버리고 가는 세월이야
정둘 곳 없어라 허전한 마음은
정답던 옛동산 찾는가
언젠간 가겠지 푸르른 이 청춘
지고 또 피는 꽃잎처럼
달밝은 밤이면 창가에 흐르는
내 젊은 연가가 구슬퍼
가고없는 날들을 잡으려 잡으려
빈 손짓에 슬퍼지면
차라리 보내야지 돌아서야지
그렇게 세월은 가는거야
언젠간 가겠지 푸르른 이 청춘
지고 또 피는 꽃잎처럼
달밝은 밤이면 창가에 흐르는
내 젊은 연가가 구슬퍼",https://cdnimg.melon.co.kr/cm/album/images/026/48/091/2648091_500.jpg/melon/resize/282/quality/80/optimize,"91,555"
